DSM ID (monitor C code),Proposed SMAX canonical name,Confidence,Alternatives / notes (if not HIGH),Verified,C source file(s) (cursesmonitor/src),Display JSON file(s)
"RETURN_AIR_TEMP_F (dsmGetElement, aCMonitor.c:309; placeholder was DSM_AC_TEMP_C — not a real C identifier)",DSM:corcon:CORR_PACU_STATUS_X:RETURN_AIR_TEMP_F,MEDIUM,"C-code verified: RETURN_AIR_TEMP_F is directly read via dsmGetElement(&aCStatus,...) at aCMonitor.c:309. Other temp fields also literally read in this file: DIGITAL_RACK_RETURN_AIR_TEMP_V9_F (:155), ANALOG_RACK_RETURN_AIR_TEMP_V14_F (:187), SUPPLY_AIR_TEMP_F (:306)/DX_LEAVING_AIR_TEMP_F (:307)/MIXED_AIR_TEMP_F (:308)/OUTSIDE_AIR_TEMP_F (:310) — pick the one matching the intended sensor",,aCMonitor.c,aCmonitor.json
"RETURN_DUCT_SMOKE_B (dsmGetElement, aCMonitor.c:283; placeholder was DSM_AC_SMOKE — not a real C identifier)",DSM:corcon:CORR_PACU_STATUS_X:RETURN_DUCT_SMOKE_B,MEDIUM,"C-code verified: read at aCMonitor.c:283 (note: C code stores result into the wrong local var acs.supply_duct_smoke — an aCMonitor.c bug, not an smax.json issue). Also read in this file: SUPPLY_DUCT_SMOKE_B (:250), ANALOG_RACK_SMOKE_V14_B (:197), DIGITAL_RACK_SMOKE_V9_B (:165)",,aCMonitor.c,aCmonitor.json
"RETURN_FAN_STARTED_B (dsmGetElement, aCMonitor.c:280; placeholder was DSM_AC_FAN_STATUS — not a real C identifier)",DSM:corcon:CORR_PACU_STATUS_X:RETURN_FAN_STARTED_B,MEDIUM,"C-code verified: read at aCMonitor.c:280. Also read: SUPPLY_FAN_STARTED_B (:247), SUPPLY_FAN_ENABLE_B (:246), RETURN_FAN_ENABLE_B (:279)",,aCMonitor.c,aCmonitor.json
"COMPRESSOR_1_STAGE_A_B (dsmGetElement, aCMonitor.c:218; placeholder was DSM_AC_COMPRESSOR1 — not a real C identifier)",DSM:corcon:CORR_PACU_STATUS_X:COMPRESSOR_1_STAGE_A_B,MEDIUM,Corrected from prior COMPRESSOR_1_ALARM_B proposal: aCMonitor.c does NOT read ALARM_B at all — it reads STAGE_A_B (:218) and STAGE_B_B (:225). ALARM_B exists live in the same struct and may still be the better single-cell 'Compressor 1 status' semantic for this simplified display; flagging both,,aCMonitor.c,aCmonitor.json
"COMPRESSOR_2_STAGE_A_B (dsmGetElement, aCMonitor.c:232; placeholder was DSM_AC_COMPRESSOR2 — not a real C identifier)",DSM:corcon:CORR_PACU_STATUS_X:COMPRESSOR_2_STAGE_A_B,MEDIUM,"Same correction as Compressor 1: aCMonitor.c reads STAGE_A_B (:232)/STAGE_B_B (:239), not ALARM_B. ALARM_B exists live but is not literally read by this file",,aCMonitor.c,aCmonitor.json
(no C-code read found — placeholder DSM_AC_HUMIDITY was invented; aCMonitor.c never reads a humidity field),DSM:corcon:CORR_PACU_STATUS_X:RETURN_AIR_REL_HUM_F,LOW,"aCMonitor.c's screen() has no humidity display at all — RETURN_AIR_REL_HUM_F/SUPPLY_AIR_REL_HUM_F/OUTSIDE_AIR_REL_HUM_F all exist live in the same CORR_PACU_STATUS_X struct aCMonitor.c already reads, but none is used by this curses page. Confidence lowered from MEDIUM to LOW since there's no C-code usage to anchor the choice",,aCMonitor.c,aCmonitor.json
(no C-code read found — placeholder DSM_PACU_STATUS was invented; no composite status field exists),(no match found),NO MATCH,Confirmed: no single composite 'status' field in CORR_PACU_STATUS_X (50+ individual fields) is read anywhere in aCMonitor.c as one value. Needs Marc to pick specific field(s) or drop this cell / replace with multiple cells,,aCMonitor.c,aCmonitor.json
"DSM_SMA_TEMP_F (dsmRead, airHandler.c:650; INACTIVE/commented — superseded by dsm_structure_get_element(TEMP_F) on the already-fetched SMA_METEOROLOGY_X struct at :638)",DSM:colossus:SMA_METEOROLOGY_X:TEMP_F,HIGH,"Already resolved in airhandler.json (uses the real canonical name directly, not a placeholder). Column-1 name is a genuine legacy C identifier, just from dead/commented code rather than the active read path",x,airHandler.c,airhandler.json
"DSM_SMA_HUMIDITY_F (dsmRead, airHandler.c:879; INACTIVE/commented — superseded by dsm_structure_get_element(HUMIDITY_F) on the same SMA_METEOROLOGY_X struct)",DSM:colossus:SMA_METEOROLOGY_X:HUMIDITY_F,HIGH,"Already resolved in airhandler.json. Column-1 name is a genuine legacy C identifier from dead/commented code, not fabricated",x,airHandler.c,airhandler.json
DSM_ESTOP_COMMAND_S,DSM:acc{ant}:DSM_ESTOP_COMMAND_S,HIGH,"C-code verified at antPage2.c:557, node acc<N>.",x,antMonitor.c; antPage2.c,antdrive.json
DSM_AS_PROJECT_ID_L,DSM:hal9000:DSM_AS_PROJECT_ID_L,HIGH,"C-code verified at projectpage.c:39 (also arrayMonitor.c:328, hangarPage.c:70).",x,arrayMonitor.c; hangarPage.c; projectpage.c,arraymonitor.json; hangar.json; project.json
DSM_AS_PROJECT_OBSERVER_C30,DSM:hal9000:DSM_AS_PROJECT_OBSERVER_C30,HIGH,C-code verified at projectpage.c:44.,x,arrayMonitor.c; hangarPage.c; projectpage.c,arraymonitor.json; hangar.json; project.json
DSM_AS_PROJECT_OPERATINGLOCATION_C256,DSM:hal9000:DSM_AS_PROJECT_OPERATINGLOCATION_C256,HIGH,C-code verified at projectpage.c:50.,x,arrayMonitor.c; projectpage.c,arraymonitor.json; project.json
DSM_SCANS_REMAINING,DSM:hal9000:DSM_AS_SCANS_REMAINING_L,HIGH,"C-code verified at arrayMonitor.c:1200, node hcn (label "" SWARM "" scan-source context).",x,arrayMonitor.c,arraymonitor.json
(no C-code read found — placeholder DSM_FULLPOL_STATUS was invented; grep of arrayMonitor.c/SMA-Software tree finds no FULLPOL/FULLPOLL identifier anywhere),(no match found),NO MATCH,"Reconfirmed: no full-polarization status field found in DSM/RM at all, live or in source. May need to check ""polar"" fields DSM_AS_POLAR_MODE_S / DSM_OBS_POLAR_MODE_S under hal9000 as loose candidates if such a mode exists",,arrayMonitor.c,arraymonitor.json
(no C-code read found — placeholder DSM_SWARM_STATUS was invented; arrayMonitor.c never reads this literal string),(no match found),NO MATCH,"arrayMonitor.c:1242 does read a real SWARM_SCAN_X structure (node roach2-01, label "" SWARM "" at :1257) — that's per-board scan progress (length/progress ticks), not an overall status flag. No single composite SWARM status field exists live or in source",,arrayMonitor.c,arraymonitor.json
"RM_POLAR_DUT_SEC_D (rmRead, arrayMonitor.c:418; placeholder was DSM_DUT — not a real C identifier)",RM:acc{ant}:RM_POLAR_DUT_SEC_D,HIGH,"Corrected from NO MATCH: arrayMonitor.c:418 reads RM_POLAR_DUT_SEC_D via rmRead(specialAntenna,...) for the ""DUT"" label. Confirmed live for all 9 antennas as RM:acc{ant}:RM_POLAR_DUT_SEC_D (RM_* fields use a bare RM: prefix per antenna, never a DSM: node — see wacko_validity_review.md). Sibling polar fields also live: RM_POLAR_DX_ARCSEC_D, RM_POLAR_DY_ARCSEC_D, RM_POLAR_MJD_L",,arrayMonitor.c,arraymonitor.json
DSM_TAU225,DSM:colossus:DSM_CSO_225GHZ_TAU_F,MEDIUM,Alternative: weather:forecast:cso:tau225 (forecast value) vs this raw CSO feed — pick which source is intended C-code verified at arrayMonitor.c:406.,,arrayMonitor.c,arraymonitor.json
DSM_TAU350,DSM:colossus:DSM_CSO_350MICRON_TAU_SCALED_F,HIGH,C-code verified at arrayMonitor.c:407 / weather.c:1654.,x,arrayMonitor.c; weather.c; weatherPage2.c,arraymonitor.json; weather.json
"DSM_BDC_CR1_DETECTOR_READBACK_V8_F (dsmGetElement, BDC_4_8.c:153, label ""CR1 (4-8)l DETECTOR RDBK (V)"")",DSM:obscon:BDC48_X:DSM_BDC_CR1_DETECTOR_READBACK_V8_F,HIGH,"C-code verified: read at BDC_4_8.c:153. Node/struct confirmed live: dsm_read(""obscon"",""BDC48_X"",...) at BDC_4_8.c:83",,BDC_4_8.c,bdc.json
"DSM_BDC_CR2_DETECTOR_READBACK_V8_F (dsmGetElement, BDC_4_8.c:158, label ""CR2 (4-8)h DETECTOR RDBK (V)"")",DSM:obscon:BDC48_X:DSM_BDC_CR2_DETECTOR_READBACK_V8_F,HIGH,C-code verified: read at BDC_4_8.c:158,,BDC_4_8.c,bdc.json
"DSM_BDC_VVA1_CTRL_READBACK_V8_F (dsmGetElement, BDC_4_8.c:93, label ""VVA1 (4-8)l CONTROL RDBK (V)"")",DSM:obscon:BDC48_X:DSM_BDC_VVA1_CTRL_READBACK_V8_F,HIGH,"C-code verified: read at BDC_4_8.c:93. Sibling channel VVA2 (4-8)h at :98; this chassis has 6 VVA channels (VVA1-6) covering 3 sub-bands, unlike the 8-12/10-12 chassis which use 2 (AR1/AR2)",,BDC_4_8.c,bdc.json
(no C-code read found — placeholder DSM_BDC_4_8_ATTN was invented),(no match found),NO MATCH,"Reconfirmed: BDC_4_8.c has no ATTN-named field at all (only VVA1-6, CR1-6, TEMP_V2_V8_F, DI_V8_B, TIMESTAMP_C15) — this chassis uses VVA (variable voltage attenuator) channels instead of separate ATTEN1/2 fields like the 8-12/10-12 GHz chassis",,BDC_4_8.c,bdc.json
"DSM_BDC_AR1_DETECTOR_READBACK_V8_F (dsmGetElement, BDC_8_12.c:152, label ""VGA1 DETECTOR RDBK (V)"")",DSM:obscon:BDC_X:DSM_BDC_AR1_DETECTOR_READBACK_V8_F,HIGH,"C-code verified: read at BDC_8_12.c:152. Node/struct confirmed live: dsm_read(""obscon"",""BDC_X"",...) at BDC_8_12.c:82 — BDC_X is confirmed the 8-12 GHz chassis by this file's own dsm_read call, not by elimination",,BDC_8_12.c,bdc.json
"DSM_BDC_AR2_DETECTOR_READBACK_V8_F (dsmGetElement, BDC_8_12.c:157, label ""VGA2 DETECTOR RDBK (V)"")",DSM:obscon:BDC_X:DSM_BDC_AR2_DETECTOR_READBACK_V8_F,HIGH,C-code verified: read at BDC_8_12.c:157,,BDC_8_12.c,bdc.json
"DSM_BDC_AR1_CTRL_READBACK_V8_F (dsmGetElement, BDC_8_12.c:112, label ""VGA1 CONTROL RDBK (V)""; placeholder was DSM_BDC_8_12_VGA)",DSM:obscon:BDC_X:DSM_BDC_AR1_CTRL_READBACK_V8_F,HIGH,"Corrected from NO MATCH: BDC_8_12.c's curses labels literally read ""VGA1""/""VGA2"" for the AR1/AR2 control-readback fields (:112,:117) — the previous conclusion that BDC_X ""has no VGA field"" was wrong; AR1/AR2 *are* the VGA fields, just named AR in the DSM schema. AR2 (VGA2) is the sibling channel",,BDC_8_12.c,bdc.json
"DSM_BDC_AT20_CTRL_READBACK_V8_F (dsmGetElement, BDC_8_12.c:122, label ""ATTEN1 CONTROL RDBK (V)""; placeholder was DSM_BDC_8_12_ATTN)",DSM:obscon:BDC_X:DSM_BDC_AT20_CTRL_READBACK_V8_F,HIGH,"Corrected: the previous proposal (AR1_CTRL_READBACK_V8_F) was actually the VGA field, not ATTN — see the VGA row above. The real ""ATTEN1 CONTROL RDBK"" label reads AT20_CTRL_READBACK_V8_F (:122); AT21_CTRL_READBACK_V8_F (:127) is the ATTEN2 sibling",,BDC_8_12.c,bdc.json
"DSM_BDC_AR1_DETECTOR_READBACK_V8_F (dsmGetElement, BDC_10_12.c:156, label ""VGA1 DETECTOR RDBK (V)"")",DSM:obscon:BDC1012_X:DSM_BDC_AR1_DETECTOR_READBACK_V8_F,HIGH,C-code verified: read at BDC_10_12.c:156. Node/struct confirmed: dsm_read(obscon BDC1012_X) at :86,,BDC_10_12.c,bdc.json
"DSM_BDC_AR2_DETECTOR_READBACK_V8_F (dsmGetElement, BDC_10_12.c:161, label ""VGA2 DETECTOR RDBK (V)"")",DSM:obscon:BDC1012_X:DSM_BDC_AR2_DETECTOR_READBACK_V8_F,HIGH,C-code verified: read at BDC_10_12.c:161,,BDC_10_12.c,bdc.json
"DSM_BDC_AT20_CTRL_READBACK_V8_F (dsmGetElement, BDC_10_12.c:126, label ""ATTEN1 CONTROL RDBK (V)""; placeholder was DSM_BDC_10_12_ATTN)",DSM:obscon:BDC1012_X:DSM_BDC_AT20_CTRL_READBACK_V8_F,HIGH,"Corrected: same AR-vs-AT mislabeling as the 8-12 GHz chassis. BDC_10_12.c's ""VGA1/VGA2"" labels (:116,:121) read AR1/AR2_CTRL_READBACK_V8_F; ""ATTEN1/ATTEN2"" labels (:126,:131) read AT20/AT21_CTRL_READBACK_V8_F. The previous AR1 proposal here was actually the VGA field",,BDC_10_12.c,bdc.json
"DSM_BDC_CR1_DETECTOR_READBACK_V8_F (dsmGetElement, BDC_12_16.c:153, label ""CR1 (12-16)l DET RDBK (V)"")",DSM:obscon:BDC1216_X:DSM_BDC_CR1_DETECTOR_READBACK_V8_F,HIGH,C-code verified: read at BDC_12_16.c:153. Node/struct confirmed: dsm_read(obscon BDC1216_X) at :83,,BDC_12_16.c,bdc.json
"DSM_BDC_CR2_DETECTOR_READBACK_V8_F (dsmGetElement, BDC_12_16.c:158, label ""CR2 (12-16)h DET RDBK (V)"")",DSM:obscon:BDC1216_X:DSM_BDC_CR2_DETECTOR_READBACK_V8_F,HIGH,C-code verified: read at BDC_12_16.c:158,,BDC_12_16.c,bdc.json
"DSM_BDC_VVA1_CTRL_READBACK_V8_F (dsmGetElement, BDC_12_16.c:93, label ""VVA1 (12-16)l CTL RDBK (V)"")",DSM:obscon:BDC1216_X:DSM_BDC_VVA1_CTRL_READBACK_V8_F,HIGH,"C-code verified: read at BDC_12_16.c:93. Like the 4-8 GHz chassis, this one has 6 VVA channels (VVA1-6), no ATTEN fields",,BDC_12_16.c,bdc.json
(no C-code read found — placeholder DSM_BDC_12_16_ATTN was invented),(no match found),NO MATCH,"Reconfirmed: no ATTN-named field in BDC1216_X (only VVA1-6, CR1-6, TEMP_V2_V8_F [dead/commented], DI_V8_B, TIMESTAMP_C15)",,BDC_12_16.c,bdc.json
"AMP_V11_V11_V2_F (dsmGetElement, coherence.c:177, from LAST_SCAN_VISIBILITES_X structure read via dsmRead(""hcn"",...) at :123)",DSM:hcn:LAST_SCAN_VISIBILITES_X:AMP_V11_V11_V2_F,HIGH,"Corrected: the earlier proposal (phasemon:PHASEMON_DATA_X:CORR_AMPLITUDE_V10_D) is the wrong subsystem — that's the 12 GHz phase-monitor delay-tracking amplitude (per-baseline, V10), not this per-scan visibility amplitude that coherence.c actually reads (per-antenna-pair, V11xV11, Rx A/H split as AMP_V11_V11_V2_F/AMP_H_V11_V11_V2_F). AMP_H_V11_V11_V2_F is the Rx B/H-pol sibling",,coherence.c,coherence.json
"PHASE_V11_V11_V2_F (exists in the same LAST_SCAN_VISIBILITES_X structure coherence.c already reads via dsmRead(""hcn"",...) at :123, but not itself pulled out with dsmGetElement in this file)",DSM:hcn:LAST_SCAN_VISIBILITES_X:PHASE_V11_V11_V2_F,MEDIUM,"Corrected: the earlier proposal (phasemon:PHASEMON_DATA_X:RAW_PHASE_V10_D) is the wrong subsystem, same reasoning as Fringe Amplitude above. PHASE_V11_V11_V2_F is confirmed live in the same struct as AMP/CORR, but coherence.c doesn't currently extract it with dsmGetElement — held at MEDIUM rather than HIGH for that reason. PHASE_H_V11_V11_V2_F is the Rx B/H-pol sibling",,coherence.c,coherence.json
"CORR_V11_V11_V2_F (dsmGetElement, coherence.c:178, from the same LAST_SCAN_VISIBILITES_X structure, label ""Coherence"" at :155)",DSM:hcn:LAST_SCAN_VISIBILITES_X:CORR_V11_V11_V2_F,HIGH,"Corrected from NO MATCH: coherence.c:178 directly reads this field for its ""Coherence""-labeled column. CORR_H_V11_V11_V2_F is the Rx B/H-pol sibling",,coherence.c,coherence.json
(no C-code read found — placeholder DSM_BASELINE_M was invented),(no match found),NO MATCH,"Reconfirmed: no baseline-length-in-meters field exists live. The only live ""BASELINE""-named field is DSM:phasemon:PHASEMON_HRDWR_STAT_X:BASELINES_V10_V3_B, which is a per-baseline hardware-status bitmap, not a physical length — not a match",,coherence.c,coherence.json
(no C-code read found in coherence.c — placeholder DSM_COHERENCE_INTEG was invented),DSM:hal9000:SCAN_LENGTH_F,LOW,"coherence.c itself reads no integration-time field. DSM:hal9000:SCAN_LENGTH_F (also live under obscon/oldhal/tenzing) is a plausible candidate for scan integration length in seconds, but it's from the scan-scheduling subsystem (arrayMonitor.c/hal9000), not something coherence.c reads — flagged as a guess, not a C-code-verified match",,coherence.c,coherence.json
(no C-code read found — placeholder DSM_FRINGE_TIMESTAMP was invented),(no match found),NO MATCH,"Reconfirmed: no field-level timestamp exists inside LAST_SCAN_VISIBILITES_X live. coherence.c:123's dsmRead(...,&t) captures the SMAX structure's own fetch timestamp as a local variable, not a distinct DSM field — that metadata may be available via the SMAX client API rather than as a named canonical point",,coherence.c,coherence.json
"(no C-code read found — placeholder DSM_ANT{ant}_IFLO_LO_LOCK was invented; no literal ""IFLO_LO_LOCK"" string exists in cursesmonitor)",antenna:{ant}:receiver:{H|L}:lo_plate:mixer:{1|2}:pll:lock,MEDIUM,"Upgraded from LOW via live dump_redis.py trace (2026-07-15, see wacko_validity_review.md): pll:lock confirmed live on antennas 1/7/8, per polarization and mixer. Held at MEDIUM because the field is indexed by polarization+mixer, not just {ant} — current display template can't address it without a schema extension Closest legacy C-code analog: RM_GUNN1_LOCKED_S / RM_YIG1_LOCKED_S / RM_YIG2_LOCKED_S / RM_GUNN2_LOCKED_S, read via rmRead(ant,...) at arrayMonitor.c:472-482 for the ""G-Y"" lock-status column (legacy Gunn-oscillator receivers only, RM:acc{ant}: prefix, no DSM node). This is a separate data path from the wSMA antenna:{ant}:receiver:...:pll:lock field proposed above — which physical path applies depends on whether the antenna carries a legacy or wSMA receiver.",,iFLOMonitor.c; iFLOMonitorPage2.c; iFLOMonitorPage3.c; iFLOMonitorPage4.c,croom_iflo.json
"(no C-code read found — placeholder DSM_ANT{ant}_IFLO_IF_POWER was invented; no literal ""IFLO_IF_POWER"" string exists in cursesmonitor)",antenna:{ant}:receiver:{H|L}:lo_plate:mixer:{1|2}:pll:BPF,MEDIUM,"Supersedes the DSM:m5:C1DC_STATUS_X guess (that's a correlator downconverter reading, not this receiver's LO chain). BPF confirmed as the live key name, matching receiverMonitor.c's own readSmaxFloat(label,BPF,...) call. Same {ant}-only template limitation as IFLO_LO_LOCK No single legacy RM_* ""IF power"" field found; the closest labeled fields are RM_MRG_RF_POWER_F (""MRG RFPwr"", iFLOMonitorPage2.c:145) and RM_CONT1/2_DET2_F (""XmitPower"", iFLOMonitorPage2.c:95,137) which are different physical quantities (MRG synth power / continuum detector power), not confirmed equivalents of ""IF Power"" — the wSMA pll:BPF field above remains the best-grounded proposal.",,iFLOMonitor.c; iFLOMonitorPage2.c; iFLOMonitorPage3.c; iFLOMonitorPage4.c,croom_iflo.json
"(no C-code read found — placeholder DSM_ANT{ant}_IFLO_LO_FREQ was invented; no literal ""IFLO_LO_FREQ"" string exists in cursesmonitor)",antenna:{ant}:receiver:{H|L}:lo_plate:mixer:{1|2}:vco:tune_freq,MEDIUM,"Upgraded from LOW: vco:tune_freq confirmed as the real live field (no bare 'frequency' key exists under lo_plate:mixer in the live DB despite smax.json listing one). Held at MEDIUM for the {ant}-only template limitation and because Hz-vs-GHz unit/scale needs confirming Closest legacy C-code analog: FREQ_V3_D under DSM:newdds:DDS_TO_HAL_X (dsm_structure_get_element, yIGFrequencies.c:64 and dDSCursesMonitor.c:203, label ""LO Frequency"") — a single array-of-3 GHz value shared across the array, not per-antenna/per-mixer like the wSMA vco:tune_freq field proposed above. Again a legacy-vs-wSMA fork, not a single answer.",,iFLOMonitor.c; iFLOMonitorPage2.c; iFLOMonitorPage3.c; iFLOMonitorPage4.c,croom_iflo.json
(no C-code read found — placeholder DSM_ANT{ant}_IFLO_TIMESTAMP was invented; no literal match in cursesmonitor),(no match found),NO MATCH,Reconfirmed against live dump_redis.py snapshot (2026-07-15): no timestamp field appears anywhere under lo_plate:mixer:* in either dump,,iFLOMonitor.c; iFLOMonitorPage2.c; iFLOMonitorPage3.c; iFLOMonitorPage4.c,croom_iflo.json
"DSM_ANTENNA5_TEMPS_X (dsm_read/dsm_structure_init, deicemon.c:161, node ""obscon"" — not ""hal9000"")",DSM:obscon:DSM_ANTENNA5_TEMPS_X:ANTENNA_THERMOMETERS_V20_F,MEDIUM,"Node corrected: deicemon.c reads this structure from node obscon (dsm_read at :161), not hal9000 — both nodes carry the same live struct shape so the field names are unaffected, but the wrong node was proposed. Also: the deice.json cell currently points at the bare struct name (DSM:hal9000:DSM_ANTENNA5_TEMPS_X) rather than a leaf field, which will not resolve to a single numeric value in DataBridge — proposing the specific leaf field ANTENNA_THERMOMETERS_V20_F (dsmGetElement, deicemon.c:166) actually read/stored by this file (though its curses display block is commented out, lines 179-203). TIME_STAMP_V9_L (:170) and ANTENNA_SURFACE_MINMAX_TEMPS_V24_F (:208, MAX T/MIN T labels, active display) are also real candidates depending on which quantity this cell is meant to show",,deicemon.c,deice.json
"GPS8_STATUS_B (dsmGetElement, gpsPage.c:74; placeholder was DSM_GPS8_LOCK_STATUS)",DSM:colossus:GPSD_REPORT_X:GPS8_STATUS_B,MEDIUM,"Also GPS8_OUT_STATUS_B, GPS8_PHASE_FREQ_STATUS_B exist — pick correct lock indicator Corrected: swapped from GPS8_CTL_STATUS_B (gpsPage.c:102, label ""Bad Control status"" — a control-fault flag, not a lock indicator) to GPS8_STATUS_B (gpsPage.c:74, label group ""Valid Time/GPS Lock/Local Time/Leap Year flags"") — a closer semantic match for ""lock status"". GPS8_STATUS_B is a multi-bit flag word, not a single lock boolean, so held at MEDIUM",,gpsPage.c,gps.json
"TT_PHASE_LOCKED_S (dsmGetElement, gpsPage.c:152; placeholder was DSM_TRUETIME_LOCK_STATUS)",DSM:colossus:GPSD_REPORT_X:TT_PHASE_LOCKED_S,HIGH,"No TrueTime-specific field found; MRG lock status is a loose proxy Corrected from wrong subsystem: the prior proposal (DSM:m5:MRG_STATUS_X:52MHZ_LOCK_S) is the LO-reference-chain PLL lock, unrelated to the TrueTime GPS clock. gpsPage.c:152 reads TT_PHASE_LOCKED_S from the same GPSD_REPORT_X structure (node colossus) as every other row in this group — a direct, live-confirmed match for ""TrueTime lock status""",,gpsPage.c,gps.json
"GPS8_AVG_PHASE_F (dsmGetElement, gpsPage.c:121)",DSM:colossus:GPSD_REPORT_X:GPS8_AVG_PHASE_F,HIGH,,x,gpsPage.c,gps.json
"GPS8_FREQ_CTLR_VALUE_F (dsmGetElement, gpsPage.c:122)",DSM:colossus:GPSD_REPORT_X:GPS8_FREQ_CTLR_VALUE_F,HIGH,,x,gpsPage.c,gps.json
"GPS8_NEXT_LEAP_SECOND_L (dsmGetElement, gpsPage.c:169)",DSM:colossus:GPSD_REPORT_X:GPS8_NEXT_LEAP_SECOND_L,HIGH,,x,gpsPage.c,gps.json
"GPS8_LAT_D (dsmGetElement, gpsPage.c:173)",DSM:colossus:GPSD_REPORT_X:GPS8_LAT_D,HIGH,,x,gpsPage.c,gps.json
"GPS8_LON_D (dsmGetElement, gpsPage.c:174)",DSM:colossus:GPSD_REPORT_X:GPS8_LON_D,HIGH,,x,gpsPage.c,gps.json
"GPS8_ALT_F (dsmGetElement, gpsPage.c:175)",DSM:colossus:GPSD_REPORT_X:GPS8_ALT_F,HIGH,,x,gpsPage.c,gps.json
"GPS8_DOP_F (dsmGetElement, gpsPage.c:176)",DSM:colossus:GPSD_REPORT_X:GPS8_DOP_F,HIGH,,x,gpsPage.c,gps.json
"GPS8_GPS_MINUS_UTC_B (dsmGetElement, gpsPage.c:148,177)",DSM:colossus:GPSD_REPORT_X:GPS8_GPS_MINUS_UTC_B,HIGH,,x,gpsPage.c,gps.json
"TT_NUM_SATS_S (dsmGetElement, gpsPage.c:184; only literal ""num sats"" field found — no separate GPS8 sat count exists)",DSM:colossus:GPSD_REPORT_X:TT_NUM_SATS_S,HIGH,,x,gpsPage.c,gps.json
"GPS8_BAD_MSGS_B (dsmGetElement, gpsPage.c:224)",DSM:colossus:GPSD_REPORT_X:GPS8_BAD_MSGS_B,HIGH,,x,gpsPage.c,gps.json
DSM_AS_PROJECT_DESCRIPTION_C256,DSM:hal9000:DSM_AS_PROJECT_DESCRIPTION_C256,HIGH,C-code verified at projectpage.c:48.,x,hangarPage.c; projectpage.c,hangar.json; project.json
DSM_AS_PROJECT_PI_C30,DSM:hal9000:DSM_AS_PROJECT_PI_C30,HIGH,C-code verified at projectpage.c:42.,x,hangarPage.c; projectpage.c,hangar.json; project.json
DSM_HANGAR_LIGHT_L,DSM:colossus:DSM_HANGAR_LIGHT_L,HIGH,C-code verified at hangarPage.c:138.,x,hangarPage.c,hangar.json
"KILOWATTS_S (dsm_structure_get_element, genset.c:85, label ""Kilowatts""; placeholder was DSM_GENSET_POWER_W)",DSM:obscon:DSM_IWATCH_DATA_X:KILOWATTS_S,HIGH,"Corrected from NO MATCH: genset.c:85 reads KILOWATTS_S from the DSM_IWATCH_DATA_X structure, node obscon (dsm_read at genset.c:41, not hal9000 — both nodes carry the same live struct). KVA_F (:87) and KILOVARS_F (:89) are the apparent/reactive-power siblings if a different unit was intended",,genset.c,misc_dsm.json
(no C-code read found — placeholder DSM_GENSET_STATUS was invented; no single composite status field exists),(no match found),NO MATCH,"Reconfirmed: DSM_IWATCH_DATA_X has no composite status field. ENGINE_DATA_S (genset.c:93, label ""Engine RPM"") is the closest engine-state proxy but is an RPM reading, not a status flag; ENGINE_STARTS_S (:95, ""#Starts"") is a start counter. Needs Marc to pick a specific field or drop this cell",,genset.c,misc_dsm.json
"IF_POWER_V3_V9_F (dsm_structure_get_element, c1DC.c:236, label ""IF Power""; placeholder was DSM_C1DC_POWER_LEVEL)",DSM:m5:C1DC_STATUS_X:IF_POWER_V3_V9_F,HIGH,"C-code verified: read at c1DC.c:236 (also read earlier for a cal-wheel-gated check at :126). Node/struct confirmed live: dsm_read(m5,C1DC_STATUS_X) at c1DC.c:117",,c1DC.c,misc_dsm.json
"OP_ALARM_V3_V9_S (dsm_structure_get_element, c1DC.c:205, label ""Op Alarm""; placeholder was DSM_C1DC_STATUS)",DSM:m5:C1DC_STATUS_X:OP_ALARM_V3_V9_S,HIGH,C-code verified: read at c1DC.c:205,,c1DC.c,misc_dsm.json
"REQ_FREQ_V2_D (dsm_structure_get_element, mRG.c:53, label ""Requested Frequency""; placeholder was DSM_YIG_FREQ_GHZ)",DSM:m5:MRG_CONTROL_X:REQ_FREQ_V2_D,HIGH,"Corrected: the prior proposal used a ""reference:mrg:1:*"" key namespace that does NOT exist anywhere in the live dump_redis.py snapshot — it appears to have been invented rather than sourced. The real, live-confirmed structure matching mRG.c/yIGFrequencies.c is DSM:m5:MRG_CONTROL_X (node m5).",,yIGFrequencies.c,misc_dsm.json
"YIG_LOCKED_V2_S (dsm_structure_get_element, mRG.c:70, label ""Lock Status""; placeholder was DSM_YIG_LOCK_STATUS)",DSM:m5:MRG_CONTROL_X:YIG_LOCKED_V2_S,HIGH,"Corrected: the prior proposal used a ""reference:mrg:1:*"" key namespace that does NOT exist anywhere in the live dump_redis.py snapshot — it appears to have been invented rather than sourced. The real, live-confirmed structure matching mRG.c/yIGFrequencies.c is DSM:m5:MRG_CONTROL_X (node m5).",x,yIGFrequencies.c,misc_dsm.json
"CNTRL_VOLTAGE_V2_F (dsm_structure_get_element, mRG.c:88, label ""Tuning voltage""; placeholder was DSM_YIG_TUNE_WORD)",DSM:m5:MRG_CONTROL_X:CNTRL_VOLTAGE_V2_F,MEDIUM,"Corrected: the prior proposal used a ""reference:mrg:1:*"" key namespace that does NOT exist anywhere in the live dump_redis.py snapshot — it appears to have been invented rather than sourced. The real, live-confirmed structure matching mRG.c/yIGFrequencies.c is DSM:m5:MRG_CONTROL_X (node m5). ""Tune word"" (a digital control value) is approximated here by the analog tuning-voltage field — no literal ""tune word""/digital-count field exists in this structure.",x,yIGFrequencies.c,misc_dsm.json
"PRG_STATUS_V24_V6_L (dsm_structure_get_element, smainitMonitor.c:147; placeholder was DSM_SMAINIT_STATE)",DSM:acc1:SMAINIT_REPORT_X:PRG_STATUS_V24_V6_L,LOW,"Per-computer init report, not a single global state; exists on every acc/roach2/hal9000/oldhal/m5/phasemon/obscon node — needs a decision on which computer(s) to show C-code verified: read at smainitMonitor.c:147 (an earlier #if 0-guarded duplicate exists at :133). Confirmed live for node acc1 among many others (per-computer node, selected via a switch statement at :39-101). Note: DSM:hal9000:SMAINIT_REPORT_X:SMAINIT_REPORT_X:PRG_NAMES/STATUS also exists live with a doubled/nested key — likely an unrelated data-entry bug, not something to model in the canonical name",,smainitMonitor.c,misc_dsm.json
(no C-code read found — placeholder DSM_SMAINIT_PROGRESS was invented; no separate progress field exists),(no match found),NO MATCH,"Reconfirmed: smainitMonitor.c only reads PRG_NAMES_V24_C24 (process name) and PRG_STATUS_V24_V6_L (packed per-process status/time/details/signal/restarts vector) — no separate scalar ""progress"" field exists. A specific sub-index of the V6 status vector might serve as a progress proxy, but the vector layout isn't broken out into named sub-fields in the live schema",,smainitMonitor.c,misc_dsm.json
"YIG_LOCKED_V2_S (dsm_structure_get_element, mRG.c:70; same field as DSM_YIG_LOCK_STATUS above, placeholder was DSM_MRG_LOCK_STATUS)",DSM:m5:MRG_CONTROL_X:YIG_LOCKED_V2_S,HIGH,"Corrected: the prior proposal used a ""reference:mrg:1:*"" key namespace that does NOT exist anywhere in the live dump_redis.py snapshot — it appears to have been invented rather than sourced. The real, live-confirmed structure matching mRG.c/yIGFrequencies.c is DSM:m5:MRG_CONTROL_X (node m5). Same underlying field as the YIG lock-status row above — MRG and YIG naming refer to the same physical PLL in this display",x,mRG.c,mrg.json
"REQ_FREQ_V2_D (dsm_structure_get_element, mRG.c:53; same field as DSM_YIG_FREQ_GHZ above, placeholder was DSM_MRG_FREQ_GHZ)",DSM:m5:MRG_CONTROL_X:REQ_FREQ_V2_D,HIGH,"Corrected: the prior proposal used a ""reference:mrg:1:*"" key namespace that does NOT exist anywhere in the live dump_redis.py snapshot — it appears to have been invented rather than sourced. The real, live-confirmed structure matching mRG.c/yIGFrequencies.c is DSM:m5:MRG_CONTROL_X (node m5). Duplicate of the YIG frequency row above",,mRG.c,mrg.json
"CNTRL_VOLTAGE_V2_F (dsm_structure_get_element, mRG.c:88; same field as DSM_YIG_TUNE_WORD above, placeholder was DSM_MRG_TUNE_WORD)",DSM:m5:MRG_CONTROL_X:CNTRL_VOLTAGE_V2_F,MEDIUM,"Corrected: the prior proposal used a ""reference:mrg:1:*"" key namespace that does NOT exist anywhere in the live dump_redis.py snapshot — it appears to have been invented rather than sourced. The real, live-confirmed structure matching mRG.c/yIGFrequencies.c is DSM:m5:MRG_CONTROL_X (node m5). Duplicate of the YIG tune-word row above",x,mRG.c,mrg.json
"QUAD_V2_F (dsm_structure_get_element, mRG.c:128, label ""PLL Quad voltage""; placeholder was DSM_MRG_PHASE_ERROR)",DSM:m5:MRG_CONTROL_X:QUAD_V2_F,MEDIUM,"Corrected: the prior proposal used a ""reference:mrg:1:*"" key namespace that does NOT exist anywhere in the live dump_redis.py snapshot — it appears to have been invented rather than sourced. The real, live-confirmed structure matching mRG.c/yIGFrequencies.c is DSM:m5:MRG_CONTROL_X (node m5). QUAD_V2_F (PLL quadrature-detector voltage) is the closest live proxy for a phase-error signal. STRESS_V2_F (""PLL Stress voltage"", mRG.c:142) is an alternative if a different PLL health signal was intended",,mRG.c,mrg.json
"LEVEL_V2_F (dsm_structure_get_element, mRG.c:156, label ""YIG Power Testpoint""; placeholder was DSM_MRG_POWER_DBM)",DSM:m5:MRG_CONTROL_X:LEVEL_V2_F,HIGH,"Corrected from NO MATCH: mRG.c:156 reads LEVEL_V2_F for its ""YIG Power Testpoint"" label — a direct match for a power-level cell. Corrected: the prior proposal used a ""reference:mrg:1:*"" key namespace that does NOT exist anywhere in the live dump_redis.py snapshot — it appears to have been invented rather than sourced. The real, live-confirmed structure matching mRG.c/yIGFrequencies.c is DSM:m5:MRG_CONTROL_X (node m5).",,mRG.c,mrg.json
"CMD_TIME_V2_L (dsm_structure_get_element, mRG.c:214, label ""Last commanded at""; placeholder was DSM_MRG_TIMESTAMP)",DSM:m5:MRG_CONTROL_X:CMD_TIME_V2_L,MEDIUM,"Corrected from NO MATCH: mRG.c:214 reads CMD_TIME_V2_L, the closest live ""last update"" timestamp in this structure. LAST_TWEEK_V2_L ("":227"", ""Last tweeked at"") is an alternative if a tuning-adjustment timestamp was intended instead. Corrected: the prior proposal used a ""reference:mrg:1:*"" key namespace that does NOT exist anywhere in the live dump_redis.py snapshot — it appears to have been invented rather than sourced. The real, live-confirmed structure matching mRG.c/yIGFrequencies.c is DSM:m5:MRG_CONTROL_X (node m5).",,mRG.c,mrg.json
DSM_AS_PROJECT_COMMENT,DSM:hal9000:DSM_AS_PROJECT_COMMENT_C256,HIGH,C-code verified at projectpage.c:46.,x,projectpage.c,project.json
DSM_AS_PROJECT_ANTENNAS,DSM:hal9000:DSM_HAL_HAL_PROJECT_ANTENNAS_V11_S,HIGH,"Note: no dsmRead/dsm_structure_get_element call for this field was found in any of the surveyed C files (arrayMonitor.c/hangarPage.c/projectpage.c) — the field is confirmed live in the dump, so it likely exists, but its literal C-code read site was not located in this pass.",x,projectpage.c,project.json
DSM_AS_PROJECT_SCRIPT,DSM:hal9000:DSM_AS_PROJECT_SCRIPT_FILENAME_C256,HIGH,C-code verified at projectpage.c:54 (real field name DSM_AS_PROJECT_SCRIPT_FILENAME_C256).,x,projectpage.c,project.json
DSM_AS_PROJECT_SCRIPT_PID,DSM:hal9000:DSM_AS_PROJECT_SCRIPT_PID_L,HIGH,C-code verified at projectpage.c:41.,x,projectpage.c,project.json
"DSM_AS_FILE_NAME_C80 (dsmRead, projectpage.c:56; placeholder was DSM_AS_PROJECT_MIR_FILE — not a real C identifier)",DSM:hcn:DSM_AS_FILE_NAME_C80,HIGH,"Corrected from NO MATCH: projectpage.c:56 reads DSM_AS_FILE_NAME_C80 from node hcn (not hal9000/oldhal) for the ""MIR file:"" label. Confirmed live: DSM:hcn:DSM_AS_FILE_NAME_C80. A same-named field also exists under DSM:obscon:FROM_DATACATCHER_X:FILE_NAME_C80 — the hcn top-level one matches this file's read pattern",,projectpage.c,project.json
DSM_AS_PROJECT_START_TIME,DSM:hal9000:DSM_AS_PROJECT_STARTTIME_L,HIGH,C-code verified at projectpage.c:40.,x,projectpage.c,project.json
DSM_AS_PROJECT_ACTIVE_TIME,DSM:hal9000:DSM_AS_PROJECT_STARTTIME_L,MEDIUM,"Same field as DSM_AS_PROJECT_START_TIME above — likely redundant, consider removing one row Same underlying field as DSM_AS_PROJECT_START_TIME above (projectpage.c:40) — no separate ""active time"" field was found distinct from start time.",,projectpage.c,project.json
"DSM_HAL_HAL_LAST_CPOINT_V11_L (dsmRead, rscanpage.c:680, node hal9000, label ""Last Cpoint"")",DSM:hal9000:DSM_HAL_HAL_LAST_CPOINT_V11_L,HIGH,C-code verified and live-confirmed.,x,rscanpage.c,rscan.json
"DSM_HAL_HAL_LAST_IPOINT_V11_L (dsmRead, rscanpage.c:666, node hal9000, label ""Last Ipoint"")",(no match found),NO MATCH,"Column-1 name IS a genuine C-code identifier (not fabricated) — confirmed read at rscanpage.c:666. But it does not appear anywhere in the live dump_redis.py snapshot, unlike its sibling DSM_HAL_HAL_LAST_CPOINT_V11_L which is both read and live. rscanpage.c is dated May 2025 (newer than most cursesmonitor files, per source-file timestamps) — this may be a field added to the C code ahead of the corresponding smax.json/live-schema wiring, rather than a naming error. Genuinely NO MATCH in the current live system, but for a different reason than an invented placeholder",,rscanpage.c,rscan.json
"DSM_HAL_HAL_NIGHTLY_POINTING_S (dsmRead, rscanpage.c:688, node hal9000, label ""LastNitely"")",DSM:hal9000:DSM_HAL_HAL_NIGHTLY_POINTING_S,NO MATCH,"Corrected: the prior proposal (DSM_HAL_HAL_POLAR_PATTERN_REQUEST_S) was a guess at a different field. The column-1 name IS the genuine, literal identifier rscanpage.c:688 reads (node hal9000) — but like DSM_HAL_HAL_LAST_IPOINT_V11_L above, it does not exist anywhere in the live dump. Same likely explanation: rscanpage.c (May 2025) is ahead of the live schema for this field",,rscanpage.c,rscan.json
"RAW_PHASE_V10_D (dsmGetElement, seeing.c:264, label ""Raw Phase""; V10 vector, one element per baseline)",DSM:phasemon:PHASEMON_DATA_X:RAW_PHASE_V10_D,MEDIUM,"Field is a 10-element vector over baselines (V10) — need array index for baseline 1, not a separate BL1-4 field per baseline C-code verified at seeing.c:264, index 0 for baseline 1.",,seeing.c,seeing.json
"RAW_PHASE_V10_D (dsmGetElement, seeing.c:264; same V10 vector, index 1 for baseline 2)",DSM:phasemon:PHASEMON_DATA_X:RAW_PHASE_V10_D,MEDIUM,"Same vector, different index C-code verified at seeing.c:264.",,seeing.c,seeing.json
"RAW_PHASE_V10_D (dsmGetElement, seeing.c:264; same V10 vector, index 2 for baseline 3)",DSM:phasemon:PHASEMON_DATA_X:RAW_PHASE_V10_D,MEDIUM,"Same vector, different index C-code verified at seeing.c:264.",,seeing.c,seeing.json
"RAW_PHASE_V10_D (dsmGetElement, seeing.c:264; same V10 vector, index 3 for baseline 4)",DSM:phasemon:PHASEMON_DATA_X:RAW_PHASE_V10_D,MEDIUM,"Same vector, different index C-code verified at seeing.c:264.",,seeing.c,seeing.json
"ATMOSPHERIC_PHASE_V10_D (dsmGetElement, seeing.c:274, label ""Atmospher""; V10 vector, index 0 for baseline 1)",DSM:phasemon:PHASEMON_DATA_X:ATMOSPHERIC_PHASE_V10_D,MEDIUM,Same V10-vector-index issue C-code verified at seeing.c:274.,,seeing.c,seeing.json
"ATMOSPHERIC_PHASE_V10_D (dsmGetElement, seeing.c:274; same V10 vector, index 1 for baseline 2)",DSM:phasemon:PHASEMON_DATA_X:ATMOSPHERIC_PHASE_V10_D,MEDIUM,Same V10-vector-index issue C-code verified at seeing.c:274.,,seeing.c,seeing.json
"RMS_PHASE_V10_V12_D (dsmGetElement, seeing.c:280, label ""RMS %3d"" per time constant; V10xV12 vector — 10 baselines x 12 time constants)",DSM:phasemon:PHASEMON_DATA_X:RMS_PHASE_V10_V12_D,MEDIUM,"Field is V10xV12 (10 baselines x 12 time windows) — needs both baseline AND window index C-code verified at seeing.c:280, [baseline 1][1s column].",,seeing.c,seeing.json
"RMS_PHASE_V10_V12_D (dsmGetElement, seeing.c:280; same V10xV12 vector, [baseline 1][16s column])",DSM:phasemon:PHASEMON_DATA_X:RMS_PHASE_V10_V12_D,MEDIUM,"Same 2D array, different time-window index C-code verified at seeing.c:280.",,seeing.c,seeing.json
"RMS_PHASE_V10_V12_D (dsmGetElement, seeing.c:280; same V10xV12 vector, [baseline 1][512s column])",DSM:phasemon:PHASEMON_DATA_X:RMS_PHASE_V10_V12_D,MEDIUM,"Same 2D array, different time-window index C-code verified at seeing.c:280.",,seeing.c,seeing.json
"POS_5V_RACK_F (dsmGetElement, seeing.c:302, label ""5V:""; NEG_5V_RACK_F at :297 is the negative-rail sibling)",DSM:phasemon:PHASEMON_HRDWR_STAT_X:POS_5V_RACK_F,HIGH,C-code verified at seeing.c:302.,x,seeing.c,seeing.json
"POS_12V_RACK_F (dsmGetElement, seeing.c:307, label ""+12V:"")",DSM:phasemon:PHASEMON_HRDWR_STAT_X:POS_12V_RACK_F,HIGH,C-code verified at seeing.c:307.,x,seeing.c,seeing.json
"POS_25V_RACK_F (dsmGetElement, seeing.c:312, label ""+25V:"")",DSM:phasemon:PHASEMON_HRDWR_STAT_X:POS_25V_RACK_F,HIGH,C-code verified at seeing.c:312.,x,seeing.c,seeing.json
"NEG_15V_RACK_F (dsmGetElement, seeing.c:317, label ""-15V:"")",DSM:phasemon:PHASEMON_HRDWR_STAT_X:NEG_15V_RACK_F,HIGH,C-code verified at seeing.c:317.,x,seeing.c,seeing.json
"POS_15VA_RACK_F (dsmGetElement, seeing.c:322, label ""+15Va:"")",DSM:phasemon:PHASEMON_HRDWR_STAT_X:POS_15VA_RACK_F,HIGH,C-code verified at seeing.c:322.,x,seeing.c,seeing.json
"POS_15VB_RACK_F (dsmGetElement, seeing.c:326, label ""+15Vb:"")",DSM:phasemon:PHASEMON_HRDWR_STAT_X:POS_15VB_RACK_F,HIGH,C-code verified at seeing.c:326.,x,seeing.c,seeing.json
"SYNTH_LOCK_B (dsmGetElement, seeing.c:330, label ""SynthLock="")",DSM:phasemon:PHASEMON_HRDWR_STAT_X:SYNTH_LOCK_B,HIGH,C-code verified at seeing.c:330.,x,seeing.c,seeing.json
"AMBIENT_TEMP_V8_F (dsmGetElement, swarmPage.c:135, label ""Ambient"")",DSM:obscon:ROACH2_{roach}_TEMPS_X:AMBIENT_TEMP_V8_F,HIGH,"C-code verified at swarmPage.c:135, node obscon, struct ROACH2_{roach}_TEMPS_X (dsm_read at :117, or dynamic ROACH2_%d_TEMPS_X for quadrant!=0 at :120-121).",x,swarmPage.c,swarm.json
"INLET_TEMP_V8_F (dsmGetElement, swarmPage.c:144, label ""Inlet"")",DSM:obscon:ROACH2_{roach}_TEMPS_X:INLET_TEMP_V8_F,HIGH,C-code verified at swarmPage.c:144.,x,swarmPage.c,swarm.json
"OUTLET_TEMP_V8_F (dsmGetElement, swarmPage.c:153, label ""Outlet"")",DSM:obscon:ROACH2_{roach}_TEMPS_X:OUTLET_TEMP_V8_F,HIGH,C-code verified at swarmPage.c:153.,x,swarmPage.c,swarm.json
"PPC_TEMP_V8_F (dsmGetElement, swarmPage.c:162, label ""PowerPC"")",DSM:obscon:ROACH2_{roach}_TEMPS_X:PPC_TEMP_V8_F,HIGH,C-code verified at swarmPage.c:162.,x,swarmPage.c,swarm.json
"FPGA_TEMP_V8_F (dsmGetElement, swarmPage.c:172, label ""FPGA"")",DSM:obscon:ROACH2_{roach}_TEMPS_X:FPGA_TEMP_V8_F,HIGH,C-code verified at swarmPage.c:172.,x,swarmPage.c,swarm.json
"TIMESTAMP_V8_L (dsmGetElement, swarmPage.c:181, label ""Temp Age"")",DSM:obscon:ROACH2_{roach}_TEMPS_X:TIMESTAMP_V8_L,HIGH,"No ""age"" field; TIMESTAMP_V8_L exists — display would need to compute age from timestamp Corrected from NO MATCH: swarmPage.c:181 reads TIMESTAMP_V8_L for its ""Temp Age"" label — confirmed live (e.g. DSM:obscon:ROACH2_1_TEMPS_X:TIMESTAMP_V8_L).",,swarmPage.c,swarm.json
"DEL_V11_D (dsm_structure_get_element, swarmPage.c:228, label ""DDS Dly""; V11 vector, one per antenna)",DSM:newdds:DDS_TO_HAL_X:DEL_V11_D,HIGH,"No per-antenna DDS delay found; DSM:newdds:DDS_TO_TENZING_X:GEOM_DELAY_A/B/C_V9_D are geometry-model delays, not raw DDS delay Corrected from NO MATCH: swarmPage.c:228 (and dDSCursesMonitor.c:383, label ""Delay"") reads DEL_V11_D from the DDS_TO_HAL_X structure (node newdds, dsm_read at swarmPage.c:128/223). Confirmed live.",,swarmPage.c; dDSCursesMonitor.c,swarm.json
"FSTOP_DELAY_V2_D (dsm_structure_get_element, swarmPage.c:253, feeds ""FPGA Dly""/""Sum Dly"" labels at :242,244)",DSM:roach2-{roach}:SWARM_FSTOP_STATS_X:FSTOP_DELAY_V2_D,MEDIUM,"Field is per-SWARM-board (roach2-NN), indexed by polarization (V2) — not directly per-antenna Corrected: the prior struct name SWARM_FIXED_OFFSETS_X does not exist live — the real struct is SWARM_FSTOP_STATS_X, node roach2-NN (dsm_read at swarmPage.c:68/248), confirmed live for roach2-01. FPGA Dly and Sum Dly both derive from this same FSTOP_DELAY_V2_D field via different downstream computation (:259-261) — held at MEDIUM since it is shared with the Sum Dly row below, not a separate FPGA-only field.",,swarmPage.c; dDSCursesMonitor.c,swarm.json
"FSTOP_DELAY_V2_D (dsm_structure_get_element, swarmPage.c:253; same field as DSM_ANT{ant}_FPGA_DELAY above)",DSM:roach2-{roach}:SWARM_FSTOP_STATS_X:FSTOP_DELAY_V2_D,MEDIUM,"No summed-delay field found Corrected from NO MATCH: same source field as the FPGA Dly row above — swarmPage.c computes both ""FPGA Dly"" and ""Sum Dly"" display values from this one FSTOP_DELAY_V2_D read (:259-261), so this may not be resolvable as an independently addressable canonical name.",,swarmPage.c; dDSCursesMonitor.c,swarm.json
DSM_ANT{ant}_WALSH,DSM:newdds:DDS_TO_HAL_X:WALSH_MOD_V11_V2_S,HIGH,"Also WALSH_DEMOD_V11_V2_S exists — field is V11 (per-antenna) x V2 (mod/demod?) vector C-code verified in two places: swarmPage.c:272 and dDSCursesMonitor.c:543 (paired with WALSH_DEMOD_V11_V2_S at :549 for the combined ""Walsh M/D"" label) — confirmed live under node newdds.",,swarmPage.c; dDSCursesMonitor.c,swarm.json
"SWARM_LOADING_FACTOR_V2_F (dsm_read, swarmPage.c:299, label ""LF-lf(dB)""; V2 vector, index 0 = low freq)",DSM:roach2-{roach}:SWARM_LOADING_FACTOR_V2_F,MEDIUM,"No load-factor field found for SWARM under DSM Corrected from NO MATCH: swarmPage.c:299 reads this field per-roach (node roach2-NN, not per-antenna) for the ""LF-lf(dB)""/""LF-hf(dB)"" pair (:287-293) — confirmed live for roach2-01 through -58. Held at MEDIUM since it is a 2-element vector (low/high) rather than two separate fields.",,swarmPage.c; dDSCursesMonitor.c,swarm.json
"SWARM_LOADING_FACTOR_V2_F (dsm_read, swarmPage.c:299; same V2 vector, index 1 = high freq)",DSM:roach2-{roach}:SWARM_LOADING_FACTOR_V2_F,MEDIUM,"Same — no load-factor field found Corrected from NO MATCH: same field as DSM_ANT{ant}_LF_LF above, second vector element.",,swarmPage.c; dDSCursesMonitor.c,swarm.json
"DSM_ANT{ant}_UPS_AC_INPUT_V (dsmGetElement, upspage.c:84; already resolved in ups.json, not a placeholder)",DSM:acc{ant}:UPS_DATA_X:AC_VOLTAGE_IN_F,HIGH,"C-code verified at upspage.c:84. Source-file citation corrected: upspage2.c/upspage3.c do NOT read this per-antenna UPS_DATA_X structure — they read a separate UPS_ENET_DATA_X structure (node obscon, _V24_-suffixed field names) for the Correlator Room / Equipment Room UPS units, which has no corresponding rows/cells in ups.json at all (a real coverage gap, not a placeholder-mapping issue). No CSV rows exist yet for that Corr Room/Equipment Room UPS system — a real display-coverage gap Marc may want a separate ticket/section for, not something in scope for this placeholder-mapping pass.",x,upspage.c,ups.json
"DSM_ANT{ant}_UPS_FREQ_HZ (dsmGetElement, upspage.c:111; already resolved in ups.json, not a placeholder)",DSM:acc{ant}:UPS_DATA_X:AC_FREQUENCY_IN_F,HIGH,"C-code verified at upspage.c:111. Source-file citation corrected: upspage2.c/upspage3.c do NOT read this per-antenna UPS_DATA_X structure — they read a separate UPS_ENET_DATA_X structure (node obscon, _V24_-suffixed field names) for the Correlator Room / Equipment Room UPS units, which has no corresponding rows/cells in ups.json at all (a real coverage gap, not a placeholder-mapping issue). No CSV rows exist yet for that Corr Room/Equipment Room UPS system — a real display-coverage gap Marc may want a separate ticket/section for, not something in scope for this placeholder-mapping pass.",x,upspage.c,ups.json
"DSM_ANT{ant}_UPS_AC_OUTPUT_V (dsmGetElement, upspage.c:152; already resolved in ups.json, not a placeholder)",DSM:acc{ant}:UPS_DATA_X:AC_VOLTAGE_OUT_F,HIGH,"C-code verified at upspage.c:152. Source-file citation corrected: upspage2.c/upspage3.c do NOT read this per-antenna UPS_DATA_X structure — they read a separate UPS_ENET_DATA_X structure (node obscon, _V24_-suffixed field names) for the Correlator Room / Equipment Room UPS units, which has no corresponding rows/cells in ups.json at all (a real coverage gap, not a placeholder-mapping issue). No CSV rows exist yet for that Corr Room/Equipment Room UPS system — a real display-coverage gap Marc may want a separate ticket/section for, not something in scope for this placeholder-mapping pass.",x,upspage.c,ups.json
"DSM_ANT{ant}_UPS_CURRENT_A (dsmGetElement, upspage.c:173; already resolved in ups.json, not a placeholder)",DSM:acc{ant}:UPS_DATA_X:AC_CURRENT_OUT_F,HIGH,"C-code verified at upspage.c:173. Source-file citation corrected: upspage2.c/upspage3.c do NOT read this per-antenna UPS_DATA_X structure — they read a separate UPS_ENET_DATA_X structure (node obscon, _V24_-suffixed field names) for the Correlator Room / Equipment Room UPS units, which has no corresponding rows/cells in ups.json at all (a real coverage gap, not a placeholder-mapping issue). No CSV rows exist yet for that Corr Room/Equipment Room UPS system — a real display-coverage gap Marc may want a separate ticket/section for, not something in scope for this placeholder-mapping pass.",x,upspage.c,ups.json
"DSM_ANT{ant}_UPS_POWER_W (dsmGetElement, upspage.c:131; already resolved in ups.json, not a placeholder)",DSM:acc{ant}:UPS_DATA_X:AC_WATTS_IN_F,HIGH,"C-code verified at upspage.c:131. Source-file citation corrected: upspage2.c/upspage3.c do NOT read this per-antenna UPS_DATA_X structure — they read a separate UPS_ENET_DATA_X structure (node obscon, _V24_-suffixed field names) for the Correlator Room / Equipment Room UPS units, which has no corresponding rows/cells in ups.json at all (a real coverage gap, not a placeholder-mapping issue). No CSV rows exist yet for that Corr Room/Equipment Room UPS system — a real display-coverage gap Marc may want a separate ticket/section for, not something in scope for this placeholder-mapping pass.",x,upspage.c,ups.json
"DSM_ANT{ant}_UPS_APPOWER_VA (dsmGetElement, upspage.c:193; already resolved in ups.json, not a placeholder)",DSM:acc{ant}:UPS_DATA_X:AC_VA_OUT_F,HIGH,"C-code verified at upspage.c:193. Source-file citation corrected: upspage2.c/upspage3.c do NOT read this per-antenna UPS_DATA_X structure — they read a separate UPS_ENET_DATA_X structure (node obscon, _V24_-suffixed field names) for the Correlator Room / Equipment Room UPS units, which has no corresponding rows/cells in ups.json at all (a real coverage gap, not a placeholder-mapping issue). No CSV rows exist yet for that Corr Room/Equipment Room UPS system — a real display-coverage gap Marc may want a separate ticket/section for, not something in scope for this placeholder-mapping pass.",x,upspage.c,ups.json
"DSM_ANT{ant}_UPS_BATT_V (dsmGetElement, upspage.c:214; already resolved in ups.json, not a placeholder)",DSM:acc{ant}:UPS_DATA_X:BATTERY_VOLTAGE_F,HIGH,"C-code verified at upspage.c:214. Source-file citation corrected: upspage2.c/upspage3.c do NOT read this per-antenna UPS_DATA_X structure — they read a separate UPS_ENET_DATA_X structure (node obscon, _V24_-suffixed field names) for the Correlator Room / Equipment Room UPS units, which has no corresponding rows/cells in ups.json at all (a real coverage gap, not a placeholder-mapping issue). No CSV rows exist yet for that Corr Room/Equipment Room UPS system — a real display-coverage gap Marc may want a separate ticket/section for, not something in scope for this placeholder-mapping pass.",x,upspage.c,ups.json
"DSM_ANT{ant}_UPS_BATT_I (dsmGetElement, upspage.c:234; already resolved in ups.json, not a placeholder)",DSM:acc{ant}:UPS_DATA_X:BATTERY_CURRENT_F,HIGH,"C-code verified at upspage.c:234. Source-file citation corrected: upspage2.c/upspage3.c do NOT read this per-antenna UPS_DATA_X structure — they read a separate UPS_ENET_DATA_X structure (node obscon, _V24_-suffixed field names) for the Correlator Room / Equipment Room UPS units, which has no corresponding rows/cells in ups.json at all (a real coverage gap, not a placeholder-mapping issue). No CSV rows exist yet for that Corr Room/Equipment Room UPS system — a real display-coverage gap Marc may want a separate ticket/section for, not something in scope for this placeholder-mapping pass.",x,upspage.c,ups.json
"DSM_ANT{ant}_UPS_LOAD_PCT (dsmGetElement, upspage.c:252; already resolved in ups.json, not a placeholder)",DSM:acc{ant}:UPS_DATA_X:LOAD_PERCENTAGE_F,HIGH,"C-code verified at upspage.c:252. Source-file citation corrected: upspage2.c/upspage3.c do NOT read this per-antenna UPS_DATA_X structure — they read a separate UPS_ENET_DATA_X structure (node obscon, _V24_-suffixed field names) for the Correlator Room / Equipment Room UPS units, which has no corresponding rows/cells in ups.json at all (a real coverage gap, not a placeholder-mapping issue). No CSV rows exist yet for that Corr Room/Equipment Room UPS system — a real display-coverage gap Marc may want a separate ticket/section for, not something in scope for this placeholder-mapping pass.",x,upspage.c,ups.json
"DSM_ANT{ant}_UPS_RUNTIME (dsmGetElement, upspage.c:253; already resolved in ups.json, not a placeholder)",DSM:acc{ant}:UPS_DATA_X:RUN_TIME_AVAILABLE_F,HIGH,"C-code verified at upspage.c:253. Source-file citation corrected: upspage2.c/upspage3.c do NOT read this per-antenna UPS_DATA_X structure — they read a separate UPS_ENET_DATA_X structure (node obscon, _V24_-suffixed field names) for the Correlator Room / Equipment Room UPS units, which has no corresponding rows/cells in ups.json at all (a real coverage gap, not a placeholder-mapping issue). No CSV rows exist yet for that Corr Room/Equipment Room UPS system — a real display-coverage gap Marc may want a separate ticket/section for, not something in scope for this placeholder-mapping pass.",x,upspage.c,ups.json
"DSM_ANT{ant}_UPS_TEMP_AMB (dsmGetElement, upspage.c:282; already resolved in ups.json, not a placeholder)",DSM:acc{ant}:UPS_DATA_X:AMBIENT_TEMPERATURE_F,HIGH,"C-code verified at upspage.c:282. Source-file citation corrected: upspage2.c/upspage3.c do NOT read this per-antenna UPS_DATA_X structure — they read a separate UPS_ENET_DATA_X structure (node obscon, _V24_-suffixed field names) for the Correlator Room / Equipment Room UPS units, which has no corresponding rows/cells in ups.json at all (a real coverage gap, not a placeholder-mapping issue). No CSV rows exist yet for that Corr Room/Equipment Room UPS system — a real display-coverage gap Marc may want a separate ticket/section for, not something in scope for this placeholder-mapping pass.",x,upspage.c,ups.json
"DSM_ANT{ant}_UPS_TEMP_HSINK (dsmGetElement, upspage.c:309; already resolved in ups.json, not a placeholder)",DSM:acc{ant}:UPS_DATA_X:HEAT_SINK_TEMPERATURE_F,HIGH,"C-code verified at upspage.c:309. Source-file citation corrected: upspage2.c/upspage3.c do NOT read this per-antenna UPS_DATA_X structure — they read a separate UPS_ENET_DATA_X structure (node obscon, _V24_-suffixed field names) for the Correlator Room / Equipment Room UPS units, which has no corresponding rows/cells in ups.json at all (a real coverage gap, not a placeholder-mapping issue). No CSV rows exist yet for that Corr Room/Equipment Room UPS system — a real display-coverage gap Marc may want a separate ticket/section for, not something in scope for this placeholder-mapping pass.",x,upspage.c,ups.json
"DSM_ANT{ant}_UPS_OVERLOADS (dsmGetElement, upspage.c:417; already resolved in ups.json, not a placeholder)",DSM:acc{ant}:UPS_DATA_X:NUMBER_OF_OVERLOADS_S,HIGH,"C-code verified at upspage.c:417. Source-file citation corrected: upspage2.c/upspage3.c do NOT read this per-antenna UPS_DATA_X structure — they read a separate UPS_ENET_DATA_X structure (node obscon, _V24_-suffixed field names) for the Correlator Room / Equipment Room UPS units, which has no corresponding rows/cells in ups.json at all (a real coverage gap, not a placeholder-mapping issue). No CSV rows exist yet for that Corr Room/Equipment Room UPS system — a real display-coverage gap Marc may want a separate ticket/section for, not something in scope for this placeholder-mapping pass.",x,upspage.c,ups.json
"DSM_ANT{ant}_UPS_POWER_OUTS (dsmGetElement, upspage.c:439; already resolved in ups.json, not a placeholder)",DSM:acc{ant}:UPS_DATA_X:NUMBER_OF_POWER_OUTAGES_S,HIGH,"C-code verified at upspage.c:439. Source-file citation corrected: upspage2.c/upspage3.c do NOT read this per-antenna UPS_DATA_X structure — they read a separate UPS_ENET_DATA_X structure (node obscon, _V24_-suffixed field names) for the Correlator Room / Equipment Room UPS units, which has no corresponding rows/cells in ups.json at all (a real coverage gap, not a placeholder-mapping issue). No CSV rows exist yet for that Corr Room/Equipment Room UPS system — a real display-coverage gap Marc may want a separate ticket/section for, not something in scope for this placeholder-mapping pass.",x,upspage.c,ups.json
"DSM_ANT{ant}_UPS_ALARMS (dsmGetElement, upspage.c:504; already resolved in ups.json, not a placeholder)",DSM:acc{ant}:UPS_DATA_X:ACTIVE_ALARMS_L,HIGH,"C-code verified at upspage.c:504. Source-file citation corrected: upspage2.c/upspage3.c do NOT read this per-antenna UPS_DATA_X structure — they read a separate UPS_ENET_DATA_X structure (node obscon, _V24_-suffixed field names) for the Correlator Room / Equipment Room UPS units, which has no corresponding rows/cells in ups.json at all (a real coverage gap, not a placeholder-mapping issue). No CSV rows exist yet for that Corr Room/Equipment Room UPS system — a real display-coverage gap Marc may want a separate ticket/section for, not something in scope for this placeholder-mapping pass.",x,upspage.c,ups.json
"DSM_JCMT_TEMP (dsm_structure_get_element, weather.c:724; live field name is bare ""TEMP_F""/""HUMIDITY_F""/""WINDSPEED_F"" — the old commented-out call_dsm_read used a longer DSM_<SITE>_* name)",DSM:colossus:JCMT_METEOROLOGY_X:TEMP_F,HIGH,"C-code verified: the active read is dsm_structure_get_element(&xWeather,""TEMP_F""/etc,...) at weather.c:724, superseding an older commented-out call_dsm_read(""DSM_HOST"",""DSM_<SITE>_TEMP_F"",...) with a different literal string. Both target the same live field.",x,weather.c; weatherPage2.c,weather.json
"DSM_JCMT_HUMIDITY (dsm_structure_get_element, weather.c:962; live field name is bare ""TEMP_F""/""HUMIDITY_F""/""WINDSPEED_F"" — the old commented-out call_dsm_read used a longer DSM_<SITE>_* name)",DSM:colossus:JCMT_METEOROLOGY_X:HUMIDITY_F,HIGH,"C-code verified: the active read is dsm_structure_get_element(&xWeather,""TEMP_F""/etc,...) at weather.c:962, superseding an older commented-out call_dsm_read(""DSM_HOST"",""DSM_<SITE>_TEMP_F"",...) with a different literal string. Both target the same live field.",x,weather.c; weatherPage2.c,weather.json
"DSM_JCMT_WINDSPEED (dsm_structure_get_element, weather.c:1264; live field name is bare ""TEMP_F""/""HUMIDITY_F""/""WINDSPEED_F"" — the old commented-out call_dsm_read used a longer DSM_<SITE>_* name)",DSM:colossus:JCMT_METEOROLOGY_X:WINDSPEED_F,HIGH,"C-code verified: the active read is dsm_structure_get_element(&xWeather,""TEMP_F""/etc,...) at weather.c:1264, superseding an older commented-out call_dsm_read(""DSM_HOST"",""DSM_<SITE>_TEMP_F"",...) with a different literal string. Both target the same live field.",x,weather.c; weatherPage2.c,weather.json
"DSM_SUBARU_TEMP (dsm_structure_get_element, weather.c:749; live field name is bare ""TEMP_F""/""HUMIDITY_F""/""WINDSPEED_F"" — the old commented-out call_dsm_read used a longer DSM_<SITE>_* name)",DSM:colossus:SUBARU_METEOROLOGY_X:TEMP_F,HIGH,"C-code verified: the active read is dsm_structure_get_element(&xWeather,""TEMP_F""/etc,...) at weather.c:749, superseding an older commented-out call_dsm_read(""DSM_HOST"",""DSM_<SITE>_TEMP_F"",...) with a different literal string. Both target the same live field.",x,weather.c; weatherPage2.c,weather.json
"DSM_SUBARU_HUMIDITY (dsm_structure_get_element, weather.c:994; live field name is bare ""TEMP_F""/""HUMIDITY_F""/""WINDSPEED_F"" — the old commented-out call_dsm_read used a longer DSM_<SITE>_* name)",DSM:colossus:SUBARU_METEOROLOGY_X:HUMIDITY_F,HIGH,"C-code verified: the active read is dsm_structure_get_element(&xWeather,""TEMP_F""/etc,...) at weather.c:994, superseding an older commented-out call_dsm_read(""DSM_HOST"",""DSM_<SITE>_TEMP_F"",...) with a different literal string. Both target the same live field.",x,weather.c; weatherPage2.c,weather.json
"DSM_UKIRT_TEMP (dsm_structure_get_element, weather.c:773; live field name is bare ""TEMP_F""/""HUMIDITY_F""/""WINDSPEED_F"" — the old commented-out call_dsm_read used a longer DSM_<SITE>_* name)",DSM:colossus:UKIRT_METEOROLOGY_X:TEMP_F,HIGH,"C-code verified: the active read is dsm_structure_get_element(&xWeather,""TEMP_F""/etc,...) at weather.c:773, superseding an older commented-out call_dsm_read(""DSM_HOST"",""DSM_<SITE>_TEMP_F"",...) with a different literal string. Both target the same live field.",x,weather.c; weatherPage2.c,weather.json
DSM_TAU225_GFS,weather:forecast:gfs:tau225,HIGH,"C-code verified: read via smaxLazyPull(""weather:forecast:gfs"",""tau225"",...) at arrayMonitor.c:1618 — a newer SMA-X-style key, not a legacy DSM:/RM: name.",x,weather.c; weatherPage2.c,weather.json
"(no C-code read found — RM_DIPFIT_IF2_TAU_ZENITH_TIMESTAMP_L is read only inside an if(0)-guarded block at weatherPage2.c:399, with the code comment ""RM variable does not exist"")",(no match found),NO MATCH,"Reconfirmed NO MATCH, with unusually strong evidence: weatherPage2.c itself contains this exact field guarded by `if(0)` with a comment stating the RM variable does not exist — this is the C-code author's own acknowledgment that no live skydip-age field is available, not just an absence in this review.",,weather.c; weatherPage2.c,weather.json
"RM_DIPFIT_FREQUENCY_F (rmRead, weatherPage2.c:385, label ""DpftFreqLow""; placeholder was DSM_ANT{ant}_TAU_FREQ)",RM:acc{ant}:RM_DIPFIT_FREQUENCY_F,HIGH,"Corrected from NO MATCH: weatherPage2.c:385 reads RM_DIPFIT_FREQUENCY_F (dipfit = atmospheric dip-fit model) per antenna — a direct match for ""Tau at freq"". Confirmed live as RM:acc{ant}:RM_DIPFIT_FREQUENCY_F (RM: prefix, no DSM node, per the wacko_validity_review.md finding). RM_IF2_DIPFIT_FREQUENCY_F (:441, ""DpftFreqHigh"") is the second-IF sibling",,weather.c; weatherPage2.c,weather.json
"RM_DIPFIT_TAU_ZENITH_F (rmRead, weatherPage2.c:352, label ""DipfitTauLow""; placeholder was DSM_ANT{ant}_TAU225)",RM:acc{ant}:RM_DIPFIT_TAU_ZENITH_F,HIGH,"Corrected from NO MATCH: weatherPage2.c:352 reads RM_DIPFIT_TAU_ZENITH_F (zenith opacity from the per-antenna dip-fit model) — a direct match for a per-antenna ""Tau225"" cell. Confirmed live as RM:acc{ant}:RM_DIPFIT_TAU_ZENITH_F. RM_IF2_DIPFIT_TAU_ZENITH_F (:408, ""DpftTauHigh"") is the second-IF sibling",,weather.c; weatherPage2.c,weather.json
